k,Lambda,X(k),,,,,Y(k)
0,,,,,,,1.000000,1.000000,1.000000,1.000000,1.000000,
1,-1120.000000,630.000000,-1120.000000,630.000000,-120.000000,5.000000,-0.562500,1.000000,-0.562500,0.107143,-0.004464,
2,297848.750000,-146252.812500,297848.750000,-196174.687500,45114.375000,-2377.254464,-0.491030,1.000000,-0.658639,0.151467,-0.007981,
3,304047.406171,-149112.770686,304047.406171,-200595.275176,46244.691668,-2446.559496,-0.490426,1.000000,-0.659750,0.152097,-0.008047,
4,304141.809927,-149157.105244,304141.809927,-200661.194040,46261.122745,-2447.536172,-0.490420,1.000000,-0.659762,0.152104,-0.008047,
5,304142.830585,-149157.584694,304142.830585,-200661.906514,46261.300272,-2447.546720,-0.490420,1.000000,-0.659762,0.152104,-0.008047,
6,304142.841558,-149157.589848,304142.841558,-200661.914173,46261.302180,-2447.546833,-0.490420,1.000000,-0.659762,0.152104,-0.008047,
7,304142.841675,-149157.589904,304142.841675,-200661.914255,46261.302201,-2447.546834,-0.490420,1.000000,-0.659762,0.152104,-0.008047,
8,304142.841677,-149157.589904,304142.841677,-200661.914256,46261.302201,-2447.546834,