k,Lambda,X(k),,,,Y(k)
0,,,,,,1.000000,1.000000,1.000000,1.000000,
1,2.000000,0.000000,2.000000,-0.000000,1.000000,0.000000,1.000000,-0.000000,0.500000,
2,5.625000,-0.625000,5.625000,-2.375000,3.500000,-0.111111,1.000000,-0.422222,0.622222,
3,8.077778,-0.933333,8.077778,-3.433333,5.044444,-0.115543,1.000000,-0.425034,0.624484,
4,8.089924,-0.936210,8.089924,-3.443776,5.054333,-0.115725,1.000000,-0.425687,0.624769,
5,8.093818,-0.936712,8.093818,-3.445490,5.056811,-0.115732,1.000000,-0.425694,0.624774,
6,8.093856,-0.936719,8.093856,-3.445513,5.056838,-0.115732,1.000000,-0.425695,0.624775,
7,8.093861,-0.936720,8.093861,-3.445515,5.056841,