k,Lambda,X(k),,,,,Y(k)
0,,,,,,,1.000000,1.000000,1.000000,1.000000,1.000000,
1,9.749976,9.749976,8.636252,-9.198278,1.761107,-0.711701,1.000000,0.885772,-0.943415,0.180627,-0.072995,
2,94.935676,8.020228,94.935676,-79.533384,6.080860,-7.048303,0.084481,1.000000,-0.837761,0.064052,-0.074243,
3,114.066460,-9.387841,114.066460,-91.411767,7.808143,-6.866334,-0.082302,1.000000,-0.801390,0.068453,-0.060196,
4,114.186677,-12.323577,114.186677,-90.586650,7.832214,-6.753844,